I need shipment services,General shipping,,,Hazardous material shipping
We need shipment services,General shipping,,,Temporary services
I need ground shipping,General shipping,,,Analysis services
I need to ship materials by ground,General shipping,,,
ground shipment,General shipping,,,
I need to transport goods,General shipping,,,
I need to tranport materials from California to Oregon,General shipping,,,
shipping,General shipping,,,
I need to send goods to New York City,General shipping,,,
trucking,General shipping,,,
I need to ship goods to the distribution center,General shipping,,,
I need to ship radioactive materials,Hazardous material shipping,,,
I need to ship dangerous materials,Hazardous material shipping,,,
I need to ship explosives,Hazardous material shipping,,,
I need to ship gases,Hazardous material shipping,,,
I need to ship gaseous materials,Hazardous material shipping,,,
I need to ship posionous materials,Hazardous material shipping,,,
I need to ship flammable materials,Hazardous material shipping,,,
I need to ship oxidizers,Hazardous material shipping,,,
I need to transport radioactive materials,Hazardous material shipping,,,
I need to transport dangerous materials,Hazardous material shipping,,,
I need to transport explosives,Hazardous material shipping,,,
I need to transport gases,Hazardous material shipping,,,
I need to transport gaseous materials,Hazardous material shipping,,,
I need to transport posionous materials,Hazardous material shipping,,,
I need to transport flammable materials,Hazardous material shipping,,,
radioactive materials,Hazardous material shipping,,,
dangerous materials,Hazardous material shipping,,,
explosives,Hazardous material shipping,,,
gases,Hazardous material shipping,,,
gaseous materials,Hazardous material shipping,,,
posionous materials,Hazardous material shipping,,,
flammable materials,Hazardous material shipping,,,
I need to transport oxidizers,Hazardous material shipping,,,
I need to rent trucks for two weeks,Temporary services,,,
I need to rent truck for a month,Temporary services,,,
I need temporary drivers,Temporary services,,,
I need trucks temporarily,Temporary services,,,
I need to add shipping services for a brief period,Temporary services,,,
I need temporary services,Temporary services,,,
I want to know how much a service costs,Analysis services,,,
I need to know what options are available to lower costs,Analysis services,,,
I need to know the most efficient shipping routes,Analysis services,,,
I want to discuss your services,Analysis services,,,
I want to find out about logistics services,Analysis services,,,
I want to create a shipping solution for my company,Analysis services,,,
I want to know about your services,Analysis services,,,
I would like a consultant,Analysis services,,,
I would like an analyst,Analysis services,,,
